<?xml version="1.0"?>
<!DOCTYPE look-and-feel PUBLIC "-//Liferay//DTD Look and Feel 7.1.0//EN" "http://www.liferay.com/dtd/liferay-look-and-feel_7_1_0.dtd">

<look-and-feel>
	<compatibility>
		<version>7.1.0+</version>
	</compatibility>
	<theme id="kiemthuduongbo" name="kiemthuduongbo">
		<template-extension>ftl</template-extension>
		<settings>
	    	<setting type="select" configurable="true" 
	        	key="theme_type" 
	    	    options="home,page"                   
		        value="page" >
		    </setting>
        </settings>
		<portlet-decorator id="barebone" name="Barebone">
			<portlet-decorator-css-class>portlet-barebone</portlet-decorator-css-class>
		</portlet-decorator>
		<portlet-decorator id="borderless" name="Borderless">
			<portlet-decorator-css-class>portlet-borderless</portlet-decorator-css-class>
		</portlet-decorator>
		<portlet-decorator id="decorate" name="Decorate">
			<default-portlet-decorator>true</default-portlet-decorator>
			<portlet-decorator-css-class>portlet-decorate</portlet-decorator-css-class>
		</portlet-decorator>
	</theme>
</look-and-feel>
